{
	"paths": [""],
	"alias": {
		"header": "modules/js/header/header.0.0.1",
		"footer": "modules/js/footer/footer.0.0.1",
		"controls": "modules/js/controls/controls.0.0.1",
		"interface": "modules/js/interface/interface.0.0.1",
		"common": "modules/js/common/common.0.0.1",
		"fullpage": "modules/js/fullpage/fullpage.0.0.1",
		"mousewheel": "modules/js/mousewheel/mousewheel.0.0.1",
		"validation": "modules/js/validation/validation.0.0.1",
		"metadata": "modules/js/metadata/metadata.0.0.1",
		"message": "modules/js/message/message.0.0.1",
		"datepack": "modules/js/datepack/datepack.0.0.1",
		"dcate": "modules/js/dcate/dcate.0.0.1",
		"topad": "modules/js/topad/topad.0.0.1",
		"qrcode": "modules/js/qrcode/qrcode.0.0.1",
		"timer": "modules/js/timer/timer.0.0.1",
		"thk": "modules/js/thk/thk.0.0.1",
		"slider": "modules/js/slider/slider.0.0.1",
		"scrollload": "modules/js/scrollload/scrollload.0.0.1"
	},
	"args": {
		"test": "trunk/test/js/"
	}
}