{
	"name": "demo/newh5",
	"user": "ereddate",
	"alias": {
		"home": "trunk/demo/newh5/js/home/home.0.0.1",
		"list": "trunk/demo/newh5/js/list/list.0.0.1"
	},
	"libs": {
		"version": "0.0.1",
		"concat": ["libs/jquery.1.11.3.js"]
	},
	"modules": {
		"version": "0.0.1",
		"files": {
			"home": ["<%= fullpage %>.js", "<%= mediadropmenu %>.js", "<%= home %>.js"],
			"list": ["<%= mediadropmenu %>.js", "<%= iscroll %>.js", "<%= list %>.js"]
		}
	},
	"html": {
		"version": "0.0.1",
		"tmpl": "trunk/demo/newh5/html/tmpl",
		"baseEncode": "utf-8",
		"tCode": {
			"cmd": "dist/demo/newh5/html",
			"charset": "gbk"
		}
	},
	"less": {
		"version": "0.0.1",
		"debug": false,
		"sprite": true,
		"cssmin": {
			"files": [{
				"src": "modules/css/fullpage/jquery.fullPage.css",
				"dest": "dist/demo/newh5/modules/css/fullpage/jquery.fullPage.min.css"
			}]
		},
		"files": {
			"index": ["modules/css/fullpage/jquery.fullPage.css", "trunk/demo/newh5/css/index.less"],
			"list": ["trunk/demo/newh5/css/list.less"]
		}
	}
}